{"accuracy": [0.7943723201751709, 0.9437229633331299, 0.9610389471054077, 0.9848484992980957, 0.9913420081138611, 0.9935064911842346, 0.9978355169296265, 1.0, 1.0, 0.9978355169296265, 0.9956709742546082, 1.0, 0.9978355169296265, 0.9978355169296265, 1.0, 1.0, 1.0, 0.9978355169296265, 0.9956709742546082, 0.9935064911842346], "loss": [4.163471221923828, 0.5205311179161072, 0.2386215180158615, 0.0615508146584034, 0.030083388090133667, 0.011329444125294685, 0.006509710103273392, 0.003083722898736596, 0.0026302700862288475, 0.002879498293623328, 0.008940402418375015, 0.002916303463280201, 0.003430813318118453, 0.0038054254837334156, 0.0005395067855715752, 0.0015532824909314513, 0.00010085708345286548, 0.0034329970367252827, 0.006378107238560915, 0.02021711878478527], "val_accuracy": [0.9807692170143127, 0.9903846383094788, 1.0, 1.0, 1.0, 1.0, 0.9903846383094788, 1.0, 1.0, 1.0, 1.0, 0.9903846383094788, 0.9711538553237915, 1.0, 1.0, 1.0, 0.9903846383094788, 1.0, 0.9903846383094788, 0.9903846383094788], "val_loss": [0.16156865656375885, 0.04798241704702377, 0.0013218143722042441, 0.004234629683196545, 0.002264146227389574, 0.002037459285929799, 0.020285846665501595, 0.003001903649419546, 0.00566070107743144, 0.003089810023084283, 0.006321288645267487, 0.015769321471452713, 0.0629754438996315, 0.0012558696325868368, 0.0014810796128585935, 0.00672177504748106, 0.020650075748562813, 0.0012185927480459213, 0.01984374411404133, 0.021444538608193398]}